name,value
Cfly1,158.254120
Cfly2,145.809306
Cmid,28.943975
Cout,200.0
Freq,20.205236
Ln1,0.5
Ln2,0.5
Lp1,0.5
Lp2,0.5
Rload,3500.0
Wn1,62.680550
Wn2,76.632620
Wp1,50.0
Wp2,79.519379
