name,value
Cfly1,135.20482984767986
Cfly2,125.24222563347095
Cmid,14.16998532660793
Cout,285.47418624237395
Freq,59.999999999999986
Ln1,0.5911481662314851
Ln2,0.5
Lp1,0.5
Lp2,0.5
Rload,2937.327203483129
Wn1,73.75056920676282
Wn2,85.0018156832435
Wp1,88.41317999622052
Wp2,94.93489614174223
