name,value
Cfly1,192.6089490309536
Cfly2,427.95839092878697
Cmid,126.84583420382425
Cout,296.645198189975
Freq,23.093961443195525
Ln1,0.5688828352978305
Ln2,0.6764201364168918
Lp1,2.4788403600976325
Lp2,1.8017159556684386
Rload,2586.252668550297
Wn1,38.72372437617099
Wn2,70.53330321975673
Wp1,34.96085955020746
Wp2,33.60288722292869
