name,value
Cfly1,706.480871919862
Cfly2,253.31241303642034
Cmid,123.75489615790966
Cout,138.90748975690133
Freq,41.01989476264076
Ln1,0.6539104292691242
Ln2,1.2236841754104029
Lp1,0.886428038224349
Lp2,0.601446124796837
Rload,2905.071541208752
Wn1,53.687166360455116
Wn2,87.4155720841932
Wp1,25.670723302475185
Wp2,67.46919752459169
