name,value
Cfly1,120.95559108760348
Cfly2,195.90041667619383
Cmid,36.86194004027334
Cout,121.68232471678733
Freq,48.913780864697586
Ln1,0.5424636157113217
Ln2,0.5083669679212959
Lp1,0.9202984202157918
Lp2,0.5110611085491296
Rload,3009.917408930094
Wn1,48.78669308068907
Wn2,44.63297550991305
Wp1,24.361740096776995
Wp2,44.635644603674336
