name,value
Cfly1,127.58881174984154
Cfly2,198.3500012571402
Cmid,23.09035559091634
Cout,215.1446831815266
Freq,45.383025058689306
Ln1,0.5108526026904344
Ln2,0.5649599892010049
Lp1,0.6426520511855429
Lp2,0.6049975815718418
Rload,1980.6880162391124
Wn1,64.8056671884821
Wn2,92.60373316349349
Wp1,98.79437662302874
Wp2,96.42450133288519
