name,value
Cfly1,371.2150744647684
Cfly2,209.4285874218751
Cmid,209.2459208790844
Cout,156.89389677966835
Freq,17.247695727856183
Ln1,1.0460521434627468
Ln2,0.903091671052208
Lp1,2.077184596427898
Lp2,0.689004758345105
Rload,2294.619037095851
Wn1,60.23201693444659
Wn2,63.583046929836264
Wp1,39.87929647885173
Wp2,63.475712364037925
