{
  "measurements": {
    "Doing analysis at TEMP": 27.0,
    "vout_avg": 2.76878,
    "RESULT_VOUT_V": 2.76878,
    "vout_max": 2.77571,
    "vout_min": 2.75267,
    "RESULT_RIPPLE_MV": 23.047,
    "RESULT_IOUT_MA": 1.20664,
    "avg_pvdd": -0.00217011,
    "avg_pclk1": -0.00217241,
    "avg_pclk2": -0.0021611,
    "RESULT_EFFICIENCY_PCT": 51.37,
    "startup_t": 1.28679e-06,
    "RESULT_STARTUP_US": 1.28679
  },
  "score": 0.9807316666666667,
  "details": {
    "vout_v": {
      "measured": 2.76878,
      "target": ">3.0",
      "met": false,
      "score": 0.9229266666666667,
      "unit": "V"
    },
    "iout_ma": {
      "measured": 1.20664,
      "target": ">1",
      "met": true,
      "score": 1.0,
      "unit": "mA"
    },
    "efficiency_pct": {
      "measured": 51.37,
      "target": ">50",
      "met": true,
      "score": 1.0,
      "unit": "%"
    },
    "ripple_mv": {
      "measured": 23.047,
      "target": "<100",
      "met": true,
      "score": 1.0,
      "unit": "mV"
    },
    "startup_us": {
      "measured": 1.28679,
      "target": "<50",
      "met": true,
      "score": 1.0,
      "unit": "us"
    }
  },
  "parameters": {
    "Cfly1": 371.2150744647684,
    "Cfly2": 209.4285874218751,
    "Cmid": 209.2459208790844,
    "Cout": 156.89389677966835,
    "Freq": 17.247695727856183,
    "Ln1": 1.0460521434627468,
    "Ln2": 0.903091671052208,
    "Lp1": 2.077184596427898,
    "Lp2": 0.689004758345105,
    "Rload": 2294.619037095851,
    "Wn1": 60.23201693444659,
    "Wn2": 63.583046929836264,
    "Wp1": 39.87929647885173,
    "Wp2": 63.475712364037925
  },
  "de_result": {
    "converged": false,
    "iterations": 40,
    "diversity": 0.2849020895036642,
    "stop_reason": "max_iterations",
    "best_metric": -2.725998961111111
  }
}