{
  "measurements": {
    "Doing analysis at TEMP": 27.0,
    "vout_avg": 3.90934,
    "RESULT_VOUT_V": 3.90934,
    "vout_max": 3.91148,
    "vout_min": 3.90415,
    "RESULT_RIPPLE_MV": 7.336,
    "RESULT_IOUT_MA": 1.97373,
    "avg_pvdd": -0.00351853,
    "avg_pclk1": -0.00353807,
    "avg_pclk2": -0.00353309,
    "RESULT_EFFICIENCY_PCT": 72.8631,
    "startup_t": 7.40433e-07,
    "RESULT_STARTUP_US": 0.740433
  },
  "score": 1.0,
  "details": {
    "vout_v": {
      "measured": 3.90934,
      "target": ">3.0",
      "met": true,
      "score": 1.0,
      "unit": "V"
    },
    "iout_ma": {
      "measured": 1.97373,
      "target": ">1",
      "met": true,
      "score": 1.0,
      "unit": "mA"
    },
    "efficiency_pct": {
      "measured": 72.8631,
      "target": ">50",
      "met": true,
      "score": 1.0,
      "unit": "%"
    },
    "ripple_mv": {
      "measured": 7.336,
      "target": "<100",
      "met": true,
      "score": 1.0,
      "unit": "mV"
    },
    "startup_us": {
      "measured": 0.740433,
      "target": "<50",
      "met": true,
      "score": 1.0,
      "unit": "us"
    }
  },
  "parameters": {
    "Cfly1": 127.58881174984154,
    "Cfly2": 198.3500012571402,
    "Cmid": 23.09035559091634,
    "Cout": 215.1446831815266,
    "Freq": 45.383025058689306,
    "Ln1": 0.5108526026904344,
    "Ln2": 0.5649599892010049,
    "Lp1": 0.6426520511855429,
    "Lp2": 0.6049975815718418,
    "Rload": 1980.6880162391124,
    "Wn1": 64.8056671884821,
    "Wn2": 92.60373316349349,
    "Wp1": 98.79437662302874,
    "Wp2": 96.42450133288519
  },
  "de_result": {
    "converged": false,
    "iterations": 50,
    "diversity": 0.09165143273870366,
    "stop_reason": "max_iterations",
    "best_metric": -6.950834343333334
  }
}