{
  "measurements": {
    "Doing analysis at TEMP": 27.0,
    "vout_avg": 3.74039,
    "RESULT_VOUT_V": 3.74039,
    "vout_max": 3.74225,
    "vout_min": 3.73623,
    "RESULT_RIPPLE_MV": 6.019,
    "RESULT_IOUT_MA": 1.10687,
    "avg_pvdd": -0.00197655,
    "avg_pclk1": -0.00198387,
    "avg_pclk2": -0.00198011,
    "RESULT_EFFICIENCY_PCT": 69.6927,
    "startup_t": 8.90618e-07,
    "RESULT_STARTUP_US": 0.890618
  },
  "score": 1.0,
  "details": {
    "vout_v": {
      "measured": 3.74039,
      "target": ">3.0",
      "met": true,
      "score": 1.0,
      "unit": "V"
    },
    "iout_ma": {
      "measured": 1.10687,
      "target": ">1",
      "met": true,
      "score": 1.0,
      "unit": "mA"
    },
    "efficiency_pct": {
      "measured": 69.6927,
      "target": ">50",
      "met": true,
      "score": 1.0,
      "unit": "%"
    },
    "ripple_mv": {
      "measured": 6.019,
      "target": "<100",
      "met": true,
      "score": 1.0,
      "unit": "mV"
    },
    "startup_us": {
      "measured": 0.890618,
      "target": "<50",
      "met": true,
      "score": 1.0,
      "unit": "us"
    }
  },
  "parameters": {
    "Cfly1": 94.6444144432125,
    "Cfly2": 180.96425285019055,
    "Cmid": 14.685541076312003,
    "Cout": 242.3462002958312,
    "Freq": 47.246698596674015,
    "Ln1": 0.5203312619162841,
    "Ln2": 0.5752164009349465,
    "Lp1": 0.7149626598857269,
    "Lp2": 4.239431512291922,
    "Rload": 3379.250298653308,
    "Wn1": 58.190819240645205,
    "Wn2": 88.17175140246405,
    "Wp1": 73.29575349200915,
    "Wp2": 15.375926982475649
  },
  "de_result": {
    "converged": true,
    "iterations": 42,
    "diversity": 0.2863989902865024,
    "stop_reason": "metric_threshold",
    "best_metric": -4.971341126666667
  }
}